STT,HÁN TỰ,PINYIN,TỪ LOẠI,HÁN VIỆT,NGHĨA,ENGLISH,ÔN TẬP,CHECK,CÂU VÍ DỤ
1,你,nǐ,,,bạn,you,,FALSE,
2,好,hǎo,,,tốt,good,,FALSE,
2,你好,nǐhǎo,,,xin chào,Hello,,FALSE,
3,很,hěn,,,rất,very,,FALSE,
4,不,bù,,,(phủ định) không,No,,FALSE,
5,太,tài,,,quá,too,,FALSE,
6,忙,máng,,,bận,busy,,FALSE,
7,吗,ma,,,(từ nghi vấn) không,Ma,,FALSE,
8,累,lěi,,,mệt,tired,,FALSE,
9,大,dà,,,"to, lớn",big,,FALSE,
10,家,jiā,,,nhà,Home,,FALSE,
11,大家,dàjiā,,,mọi người,Everyone,,FALSE,
12,我,wǒ,,,tôi,I,,FALSE,
13,叫,jiào,,,"gọi, tên là",Call,,FALSE,
14,谢谢,xièxie,,,cảm ơn,Thanks,,FALSE,
15,不客气,bù kèqi,,,"đừng khách sáo, đừng khách khí",You're welcome,,FALSE,
16,没关系,méiguānxi,,,không sao đâu,It doesn't matter,,FALSE,
17,对不起,duìbuqǐ,,,xin lỗi,sorry,,FALSE,
18,学习,xuéxí,,,học tập,study,,FALSE,
19,英语,yīngyǔ,,,Tiếng Anh,English,,FALSE,
20,汉语,hànyǔ,,,Tiếng Trung,Chinese,,FALSE,
21,韩语,hányǔ,,,Tiếng Hàn,Korean,,FALSE,
22,不用谢,bùyòngxiè,,,khỏi cảm ơn,You're welcome,,FALSE,
23,有,yǒu,,,có,have,,FALSE,
24,没有,méiyǒu,,,không có,No,,FALSE,
25,爸爸,bàba,,,"ba, cha",dad,,FALSE,
26,妈妈,māma,,,mẹ,Mother,,FALSE,
27,姐姐,jiějie,,,chị gái,elder sister,,FALSE,
28,弟弟,dìdi,,,em trai,younger brother,,FALSE,
29,哥哥,gēge,,,anh trai,elder brother,,FALSE,
30,妹妹,mèimei,,,em gái,younger sister,,FALSE,
31,一,yī,,,một,one,,FALSE,
32,二,èr,,,hai,two,,FALSE,
33,三,sān,,,ba,three,,FALSE,
34,四,sì,,,bốn,Four,,FALSE,
35,五,wǔ,,,năm,five,,FALSE,
36,六,liù,,,sáu,six,,FALSE,
37,七,qī,,,bảy,seven,,FALSE,
38,八,bā,,,tám,eight,,FALSE,
39,九,jiǔ,,,chín,Nine,,FALSE,
40,十,shí,,,mười,ten,,FALSE,
41,百,bǎi,,,trăm,Hundred,,FALSE,
42,和,hé,,,và,and,,FALSE,
43,几,jǐ,,,"vài, mấy (số lượng ít)",Several,,FALSE,
44,什么,shénme,,,cái gì,What,,FALSE,
45,名字,míngzì,,,tên,name,,FALSE,
46,哪,nǎ,,,ở đâu,where,,FALSE,
47,那,nà,,,"cái đó, việc đó, ở đó",That,,FALSE,
48,国,guó,,,quốc gia,country,,FALSE,
49,人,rén,,,người,people,,FALSE,
50,中国,zhōngguó,,,Trung Quốc,China,,FALSE,
51,越南,yuènán,,,Việt Nam,Vietnam,,FALSE,
52,韩国,hánguó,,,Hàn Quốc,South Korea,,FALSE,
53,美国,měiguó,,,"Hoa Kỳ, Mỹ",USA,,FALSE,
54,英国,yīngguó,,,Vương quốc Anh,U.K.,,FALSE,
55,泰国,tàiguó,,,Thái Lan,Thailand,,FALSE,
56,是,shì,,,là,yes,,FALSE,
57,认识,rènshi,,,biết,know,,FALSE,
58,对,duì,,,đúng,right,,FALSE,
59,高兴,gāoxìng,,,vui mừng,Happy,,FALSE,
60,也,yě,,,cũng,also,,FALSE,
61,您,nín,,,"ông, bà, ngài (lịch sự)",you,,FALSE,
62,他,tā,,,"anh ấy, chú ấy, ông ấy",he,,FALSE,
63,她,tā,,,"cô ấy, chị ấy, bà ấy",she,,FALSE,
64,它,tā,,,nó,it,,FALSE,
65,多,duō,,,nhiều,many,,FALSE,
66,岁,suì,,,tuổi,age,,FALSE,
67,老师,lǎoshī,,,giáo viên,teacher,,FALSE,
68,今年,jīnnián,,,năm nay,This year,,FALSE,
69,多大,duōdà,,,bao nhiêu tuổi,How big,,FALSE,
70,女儿,nǚér,,,con gái,daughter,,FALSE,
71,儿子,érzi,,,con trai,son,,FALSE,
72,同学,tóngxué,,,bạn học,classmate,,FALSE,
73,学生,xuésheng,,,học sinh,student,,FALSE,
74,大学,dàxué,,,đại học,University,,FALSE,
75,会,huì,,,sẽ; biết,will; know,,FALSE,
76,说,shuō,,,nói,explain,,FALSE,
77,写,xiě,,,viết,Write,,FALSE,
78,读,dú,,,đọc,read,,FALSE,
79,听,tīng,,,nghe,listen,,FALSE,
80,怎么,zěnme,,,"thế nào, làm sao",how,,FALSE,
81,只,zhǐ,,,chỉ,Only,,FALSE,
82,的,de,,,của,of,,FALSE,
83,喜欢,xǐhuan,,,thích,like,,FALSE,
84,菜,cài,,,"đồ ăn, món ăn",vegetable,,FALSE,
85,吃,chī,,,ăn,eat,,FALSE,
86,好吃,hàochī,,,ngon,tasty,,FALSE,
87,包子,bāozi,,,bánh bao,steamed stuffed bun,,FALSE,
88,饺子,jiǎozi,,,"bánh chẻo, há cảo",dumpling,,FALSE,
89,面包,miànbāo,,,bánh mỳ,bread,,FALSE,
90,面条,miàntiáo,,,mỳ sợi,Noodle,,FALSE,
91,河粉,héfěn,,,phở,Rice noodles,,FALSE,
92,这,zhè,,,cái này,this,,FALSE,
93,那,nà,,,cái kia,That,,FALSE,
94,两,liǎng,,,hai,two,,FALSE,
95,个,gè,,,(lượng từ chỉ số lượng),indivual,,FALSE,
96,米饭,mǐfàn,,,cơm,rice,,FALSE,
97,今天,jīntiān,,,hôm nay,today,,FALSE,
98,明天,míngtiān,,,ngày mai,tomorrow,,FALSE,
99,月,yuè,,,mặt trăng,moon,,FALSE,
100,号,hào,,,con số,Number,,FALSE,
101,星期,xīngqī,,,tuần,Week,,FALSE,
102,去,qù,,,đi,go,,FALSE,
103,学校,xuéxiào,,,trường học,School,,FALSE,
104,看,kàn,,,"nhìn, xem",look,,FALSE,
105,书,shū,,,sách,Book,,FALSE,
106,再见,zàijiàn,,,tạm biệt,goodbye,,FALSE,
107,图书馆,túshūguǎn,,,thư viện,library,,FALSE,
108,我们,wǒmen,,,chúng ta,us,,FALSE,
109,饿,è,,,đói bụng,Hungry,,FALSE,
110,想,xiǎng,,,nghĩ; muốn,think,,FALSE,
111,要,yào,,,muốn,want,,FALSE,
112,喝,hē,,,uống,drink,,FALSE,
113,茶,chá,,,trà,Tea,,FALSE,
114,奶茶,nǎichá,,,trà sữa,milk tea,,FALSE,
115,店,diàn,,,"cửa hàng, tiệm",shop,,FALSE,
116,饭店,fàndiàn,,,"nhà hàng, quán ăn",Restaurant,,FALSE,
117,奶茶店,nǎichá diàn,,,tiệm trà sữa,milk tea shop,,FALSE,
118,买,mǎi,,,mua,purchase,,FALSE,
119,卖,mài,,,bán,Sell,,FALSE,
120,杯子,bēizi,,,"cái ly, cái cốc",cup,,FALSE,
121,多少,duōshǎo,,,bao nhiêu,How many,,FALSE,
122,小,xiǎo,,,"bé, nhỏ",Small,,FALSE,
123,猫,māo,,,con mèo,cat,,FALSE,
124,狗,gǒu,,,con chó,dog,,FALSE,
125,在,zài,,,"(tồn tại) đang, ở",exist,,FALSE,
126,里,lǐ,,,bên trong,inside,,FALSE,
127,外,wài,,,bên ngoài,outside,,FALSE,
128,哪儿,nǎr,,,ở đâu,where,,FALSE,
129,这儿,zhèr,,,ở đây,here,,FALSE,
130,那儿,nàr,,,"ở đằng kia, ở đó",there,,FALSE,
131,工作,gōngzuò,,,công việc,Work,,FALSE,
132,工人,gōngrén,,,công nhân,Worker,,FALSE,
133,医院,yīyuàn,,,bệnh viện,Hospital,,FALSE,
134,银行,yínháng,,,ngân hàng,bank,,FALSE,
135,医生,yīshēng,,,bác sỹ,doctor,,FALSE,
136,看见,kànjiàn,,,nhìn thấy,see,,FALSE,
137,手机,shǒujī,,,điện thoại cầm tay,cell phone,,FALSE,
138,桌子,zhuōzi,,,cái bàn,table,,FALSE,
139,椅子,yǐzi,,,cái ghế,Chair,,FALSE,
140,上,shàng,,,"ở trên, lên",superior,,FALSE,
141,下,xià,,,"ở dưới, xuống",Down,,FALSE,
142,电脑,diànnǎo,,,máy tính,computer,,FALSE,
143,本,běn,,,(lượng từ cho sách vở),Book,,FALSE,
144,前面,qiánmiàn,,,"phía trước, đằng trước",Front,,FALSE,
145,后面,hòumiàn,,,"phía sau, đằng sau",later,,FALSE,
146,谁,shéi,,,ai,who,,FALSE,
147,能,néng,,,có thể,able,,FALSE,
148,做,zuò,,,"làm, nấu (ăn)",Do,,FALSE,
149,坐,zuò,,,ngồi,sit,,FALSE,
150,请,qǐng,,,"mời, xin mời, làm ơn",please,,FALSE,
151,现在,xiànzài,,,"hiện tại, bây giờ",Now,,FALSE,
152,点,diǎn,,,"giờ (thời gian), điểm",point,,FALSE,
153,分钟,fēnzhōng,,,phút,minute,,FALSE,
154,午饭,wǔfàn,,,bữa trưa,lunch,,FALSE,
155,半,bàn,,,phân nửa,Half,,FALSE,
156,前,qián,,,"trước, trước khi",forward,,FALSE,
157,钱,qián,,,tiền,money,,FALSE,
158,早上,zǎoshang,,,"buổi sáng, sáng sớm (trước 8h)",Morning,,FALSE,
159,上午,shàngwǔ,,,buổi sáng (sau 8h),morning,,FALSE,
160,下午,xiàwǔ,,,buổi chiều,afternoon,,FALSE,
161,晚上,wǎnshàng,,,buổi tối,night,,FALSE,
162,早饭,zǎofàn,,,bữa ăn sáng,breakfast,,FALSE,
163,晚饭,wǎnfàn,,,bữa ăn tối,dinner,,FALSE,
164,回,huí,,,trở về,return,,FALSE,
165,电影,diànyǐng,,,bộ phim,Movie,,FALSE,
166,差,chā,,,"kém, sai, khác",Difference,,FALSE,
167,刻,kè,,,khắc (15 phút),carve,,FALSE,
168,吧,bā,,,(trợ từ ngữ khí): hãy (đề nghị làm gì đó); hoặc để khẳng định lại ý vừa nói,Bar,,FALSE,
169,冷,lěng,,,lạnh,cold,,FALSE,
170,热,rè,,,nóng,hot,,FALSE,
171,了,le,,,"rồi, đã",Already,,FALSE,
172,雨,yǔ,,,mưa,rain,,FALSE,
173,北京,běijīng,,,Bắc Kinh,Beijing,,FALSE,
174,身体,shēntǐ,,,sức khỏe,Body,,FALSE,
175,水果,shuǐguǒ,,,"hoa quả, trái cây",fruit,,FALSE,
176,天气,tiānqì,,,thời tiết,weather,,FALSE,
177,下雨,xiàyǔ,,,"đổ mưa, trời mưa",rain,,FALSE,
178,一点儿,yīdiǎnr,,,một chút,a little,,FALSE,
179,怎么样,zěnmeyàng,,,thế nào,How about it,,FALSE,
180,喂,wèi,,,Alo,Hello,,FALSE,
181,位,wèi,,,vị (xưng hô lịch sự),Bit,,FALSE,
182,正在,zhèngzài,,,đang (nhấn mạnh),In progress,,FALSE,
183,上网,shàngwǎng,,,lên mạng,Internet,,FALSE,
184,网上,wǎngshàng,,,trên mạng,Online,,FALSE,
185,找,zhǎo,,,tìm,try to find,,FALSE,
186,网友,wǎngyǒu,,,bạn trên mạng,Netizens,,FALSE,
187,睡觉,shuìjiào,,,ngủ,sleep,,FALSE,
188,爱,ài,,,"yêu, thích",like,,FALSE,
189,电话,diànhuà,,,điện thoại,Telephone,,FALSE,
190,号码,hàomǎ,,,con số,Number,,FALSE,
191,给,gěi,,,"đưa, cho",Give,,FALSE,
192,送,sòng,,,tặng,deliver,,FALSE,
193,打电话,dǎdiànhuà,,,gọi điện thoại,Call up,,FALSE,
194,开会,kāihuì,,,cuộc họp,Meeting,,FALSE,
195,衣服,yīfú,,,"quần áo, trang phục",clothing,,FALSE,
196,件,jiàn,,,"(lượng từ cho quần áo, sự việc,...)",Item,,FALSE,
197,爷爷,yéye,,,ông nội,grandfather,,FALSE,
198,奶奶,nǎinai,,,bà nội,grandmother,,FALSE,
199,动,dòng,,,"di chuyển, động đậy",move,,FALSE,
200,漂亮,piàoliang,,,xinh đẹp,pretty,,FALSE,
201,新,xīn,,,mới,new,,FALSE,
202,东西,dōngxi,,,"đồ đạc, món đồ, thứ",thing,,FALSE,
203,骑,qí,,,"cưỡi, đi (xe đạp, ngựa, mô tô)",ride,,FALSE,
204,车,chē,,,xe,car,,FALSE,
205,自行车,zìxíngchē,,,xe đạp,bike,,FALSE,
206,摩托车,mótuōchē,,,"xe máy, mô tô",motorcycle,,FALSE,
207,汽车,qìchē,,,"xế hộp, ô tô",car,,FALSE,
208,飞机,fēijī,,,"phi cơ, máy bay",airplane,,FALSE,
209,船,chuán,,,thuyền,Boat,,FALSE,
210,坏,huài,,,xấu,bad,,FALSE,
211,时候,shíhou,,,lúc,when,,FALSE,
212,飞,fēi,,,bay,fly,,FALSE,
213,机场,jīchǎng,,,sân bay,Airport,,FALSE,
214,机票,jīpiào,,,vé máy bay,Airfare,,FALSE,
215,住,zhù,,,sống,live,,FALSE,
216,先生,xiānsheng,,,"quý ông, ngài, tiên sinh (gọi lịch sự người nam lớn tuổi hơn); chồng, ông xã",gentlemen,,FALSE,
217,朋友,péngyou,,,bạn bè,friend,,FALSE,
218,包,bāo,,,gói; cái bao,Bag,,FALSE,
219,来,lái,,,đến,Come,,FALSE,
220,干,gān,,,làm; khô,Dry,,FALSE,
221,什么,shénme,,,cái gì,What,,FALSE,
222,白天,báitiān,,,ban ngày,daytime,,FALSE,
223,上学,shàngxué,,,đi học,go to school,,FALSE,
224,放学,fàngxué,,,"tan học, ra về",After school,,FALSE,
225,下课,xiàkè,,,"tan học, tan lớp",get out of class ended,,FALSE,
226,上课,shàngkè,,,"lên lớp, đi học",Attend class,,FALSE,
227,上班,shàngbān,,,đi làm,work,,FALSE,
228,下班,xiàbān,,,tan làm,get off work,,FALSE,
229,打,dǎ,,,"đánh, gọi (xe, điện thoại)",beat,,FALSE,
230,打球,dǎqiú,,,chơi bóng,Playing ball,,FALSE,
231,求,qiú,,,quả bóng,beg,,FALSE,
232,事,shì,,,"chuyện, sự việc",thing,,FALSE,
233,事情,shìqing,,,sự việc,matter,,FALSE,
234,电影院,diànyǐngyuàn,,,rạp chiếu phim,Cinema,,FALSE,
235,回到,huídào,,,về đến,Back,,FALSE,
236,贵,guì,,,"đắc, mắc tiền",expensive,,FALSE,
237,便宜,piányi,,,rẻ,Cheap,,FALSE,
238,足球,zúqiú,,,bóng đá,football,,FALSE,
239,篮球,lánqiú,,,bóng rổ,basketball,,FALSE,
240,打篮球,dǎlánqiú,,,chơi bóng rổ,Playing basketball,,FALSE,
241,网球,wǎngqiú,,,tennis,tennis,,FALSE,
242,一起,yīqǐ,,,cùng nhau,Together,,FALSE,
243,票,piào,,,vé,ticket,,FALSE,
244,门票,ménpiào,,,vé vào cổng,Tickets,,FALSE,
245,请进,qǐng jìn,,,mời vào,Please come in.,,FALSE,
246,请假,qǐngjià,,,"xin nghỉ (nghỉ phép, nghỉ học)",Ask for leave,,FALSE,
247,放假,fàngjià,,,nghỉ lễ,Have a holiday,,FALSE,
248,生病,shēngbìng,,,"bị bệnh, ốm",Get ill,,FALSE,
249,知道,zhīdào,,,biết,Know,,FALSE,
250,看病,kànbìng,,,khám bệnh,see a doctor,,FALSE,
251,病人,bìngrén,,,bệnh nhân,patient,,FALSE,
252,帮,bāng,,,giúp đỡ,help,,FALSE,
253,休息,xiūxi,,,nghỉ ngơi,rest,,FALSE,
254,没事儿,méishìr,,,không sao hết,It's okay,,FALSE,
255,身体,shēntǐ,,,sức khỏe,Body,,FALSE,
256,鸡蛋,jīdàn,,,trứng gà,egg,,FALSE,
257,试,shì,,,thử,try,,FALSE,
258,好的,hǎo de,,,"(đồng ý) được rồi, ok",OK,,FALSE,
259,开门,kāimén,,,mở cửa,Open the door,,FALSE,
260,开车,kāichē,,,lái xe,drive,,FALSE,
261,开始,kāishǐ,,,bắt đầu,start,,FALSE,
262,走路,zǒulù,,,đi bộ,walk,,FALSE,
263,路上,lùshang,,,trên đường,On the road,,FALSE,
264,慢,màn,,,chậm,slow,,FALSE,
265,快,kuài,,,nhanh,quick,,FALSE,
266,起床,qǐchuáng,,,thức dậy,get up,,FALSE,
267,起来,qǐlai,,,đứng lên,stand up,,FALSE,
268,打车,dǎchē,,,gọi xe,Taxi,,FALSE,
269,非常,fēicháng,,,"cực kỳ, vô cùng (mức độ cao)",Very,,FALSE,
270,一下儿,#ERROR!,,,"một lúc, một chút",In a moment,,FALSE,
271,一会儿,yīhuìr,,,"một lúc, một chút",A while,,FALSE,
272,等,děng,,,"đợi, chờ đợi",wait,,FALSE,
273,家,jiā,,,nhà,Home,,FALSE,
274,别的,biéde,,,cái khác,Other,,FALSE,
275,还是,háishi,,,vẫn,still,,FALSE,
276,介绍,jièshào,,,giới thiệu,introduce,,FALSE,
277,男朋友,nánpéngyou,,,bạn trai,Boy friend,,FALSE,
278,女朋友,nǚpéngyou,,,bạn gái,girlfriend,,FALSE,
279,时间,shíjiān,,,thời gian,time,,FALSE,
280,重要,zhòngyào,,,quan trọng,important,,FALSE,
281,包子,bāozi,,,bánh bao hấp nhân,steamed stuffed bun,,FALSE,
282,能,néng,,,có thể (khả năng),able,,FALSE,
283,可以,kěyǐ,,,có thể (sự cho phép),Can,,FALSE,
284,可能,kěnéng,,,"có lẽ, có thể (dự đoán)",possible,,FALSE,
285,要,yào,,,muốn,want,,FALSE,
286,路口,lùkǒu,,,giao lộ,intersection,,FALSE,
287,那边,nàbian,,,ở đó,there,,FALSE,
288,这边,zhèbiān,,,ở bên này,This way,,FALSE,
289,孩子,háizi,,,"đứa trẻ, con cái",child,,FALSE,
290,小孩儿,xiǎoháir,,,trẻ con,children,,FALSE,
291,男孩儿,nánháir,,,con trai,boy,,FALSE,
292,女孩儿,nǚháir,,,con gái,Girl,,FALSE,
293,女生,nǚshēng,,,"bạn nữ, con gái",girl,,FALSE,
294,男生,nánshēng,,,"bạn nam, con trai",Boys,,FALSE,
295,动作,dòngzuò,,,"động tác, hành động",action,,FALSE,
296,笑,xiào,,,cười,laugh,,FALSE,
297,生气,shēngqì,,,tức giận,angry,,FALSE,
298,课,kè,,,lớp học,class,,FALSE,
299,可爱,kěài,,,dễ thương,cute,,FALSE,
300,先,xiān,,,Đầu tiên,First,,FALSE,
301,一块儿,yīkuàir,,,cùng nhau,Together,,FALSE,
302,真,zhēn,,,thật,real,,FALSE,
303,真的,zhēnde,,,thật á,real,,FALSE,
304,电视机,diànshìjī,,,"ti vi, truyền hình",TV set,,FALSE,
305,商场,shāngchǎng,,,trung tâm mua sắm,shopping mall,,FALSE,
306,商店,shāngdiàn,,,cửa hàng,shop,,FALSE,
307,周末,zhōumò,,,ngày cuối tuần,weekend,,FALSE,
308,觉得,juéde,,,cảm thấy,feel,,FALSE,
309,行,xíng,,,"ok, được rồi",OK,,FALSE,
310,到,dào,,,đến,arrive,,FALSE,
311,河内,hénèi,,,Hà Nội,Hanoi,,FALSE,
312,首都,shǒudū,,,thủ đô,capital,,FALSE,
313,半年,bànnián,,,nửa năm,Half a year,,FALSE,
314,帮忙,bāngmáng,,,giúp đỡ,help,,FALSE,
315,马上,mǎshàng,,,ngay lập tức,immediately,,FALSE,
316,跟,gēn,,,"cùng, và (sự đồng hành)",and,,FALSE,
317,从……到,cóng   dào,,,Từ... đến,From... to,,FALSE,
318,爱好,àihào,,,sở thích,Hobby,,FALSE,
319,唱,chàng,,,hát,Sing,,FALSE,
320,唱歌,chànggē,,,hát,Sing,,FALSE,
321,牛奶,niúnǎi,,,sữa bò,milk,,FALSE,
322,书店,shūdiàn,,,hiệu sách,bookstore,,FALSE,
323,拿,ná,,,lấy,take,,FALSE,
324,渴,kě,,,khát,thirsty,,FALSE,
325,忘,wàng,,,quên,forget,,FALSE,
326,近,jìn,,,gần,close,,FALSE,
327,远,yuǎn,,,xa,Far,,FALSE,
328,地方,dìfāng,,,"địa điểm, nơi",place,,FALSE,
329,水,shuǐ,,,nước,water,,FALSE,
330,树,shù,,,cây,Tree,,FALSE,
331,山,shān,,,núi,Mountain,,FALSE,
332,河,hé,,,dòng sông,river,,FALSE,
333,花,huā,,,hoa,flower,,FALSE,
334,不用,bùyòng,,,không cần,Need not,,FALSE,
335,一些,yīxiē,,,một số,Some,,FALSE,
336,肉,ròu,,,thịt,Meat,,FALSE,
337,牛肉,niúròu,,,thịt bò,beef,,FALSE,
338,羊肉,yángròu,,,thịt cừu,mutton,,FALSE,
339,玩儿,wánr,,,chơi,play,,FALSE,
340,出去,chūqù,,,đi ra ngoài,go out,,FALSE,
341,说话,shuōhuà,,,nói chuyện,say,,FALSE,
342,话,huà,,,lời nói,talk,,FALSE,
343,听说,tīngshuō,,,nghe nói là,I heard,,FALSE,
344,公园,gōngyuán,,,khu vườn,garden,,FALSE,
345,知道,zhīdào,,,biết,Know,,FALSE,
346,公司,gōngsī,,,công ty,company,,FALSE,
347,别,bié,,,Đừng,Don't,,FALSE,
348,一边,yībiān,,,vừa...vừa,One side,,FALSE,
349,好看,hǎokàn,,,đẹp,nice,,FALSE,
350,好听,hǎotīng,,,nghe hay,It sounds nice,,FALSE,
351,打开,dǎkāi,,,mở,Open,,FALSE,
352,开玩笑,kāiwánxiào,,,"trêu đùa, nói giỡn",joke,,FALSE,
353,洗,xǐ,,,rửa,wash,,FALSE,
354,手,shǒu,,,tay,hand,,FALSE,
355,手表,shǒubiǎo,,,đồng hồ ,watch,,FALSE,
356,洗手间,xǐshǒujiān,,,nhà vệ sinh,Toilet,,FALSE,
357,高,gāo,,,cao,high,,FALSE,
358,穿,chuān,,,mặc,wear,,FALSE,
359,新年,xīnnián,,,năm mới,new year,,FALSE,
360,春节,chūnjié,,,Tết Nguyên Đán,Spring Festival,,FALSE,
361,快乐,kuàilè,,,"vui vẻ, hạnh phúc",hapiness,,FALSE,
362,生日,shēngrì,,,sinh nhật,Birthday,,FALSE,
363,国外,guówài,,,nước ngoài,foreign,,FALSE,
364,外语,wàiyǔ,,,ngoại ngữ,foreign language,,FALSE,
365,加拿大,jiānádà,,,Canada,Canada,,FALSE,
366,日本,rìběn,,,Nhật Bản,Japan,,FALSE,
367,国家,guójiā,,,quốc gia,nation,,FALSE,
368,块,kuài,,,"miếng, cái, mảnh, cục; 1 tệ (khẩu ngữ)",piece,,FALSE,
369,元,yuán,,,tệ (CNY-đơn vị tiền tệ Trung Quốc),Yuan,,FALSE,
370,角,jiǎo,,,hào = 1/10 tệ,horn,,FALSE,
371,毛,máo,,,"lông, tóc",hair,,FALSE,
372,冰块,bīngkuài,,,đá viên,ice cubes,,FALSE,
373,糖块,tángkuài,,,cục kẹo,Sugar cubes,,FALSE,
374,比,bǐ,,,"hơn, so",Compare,,FALSE,
375,比较,bǐjiào,,,"so sánh; tương đối, khá",Compare,,FALSE,
376,千,qiān,,,nghìn,thousand,,,
377,里边,lǐbian,,,bên trong,inside,,,
378,外边,wàibian,,,bên ngoài,outside,,,
379,东边,dōngbian,,,phía đông,East,,,
380,西边,xībiān,,,phía tây,West,,,
381,南边,nánbian,,,phía nam,South,,,
382,北边,běibiān,,,phía bắc,North,,,
383,对面,duìmiàn,,,đối diện,opposite,,,
384,后面,hòumiàn,,,phía sau,later,,,
385,前面,qiánmiàn,,,phía trước,Front,,,
386,上面,shàngmiàn,,,phía trên,above,,,
387,下面,xiàmiàn,,,phía dưới,under,,,
388,地图,dìtú,,,"bản đồ, địa đồ",map,,,
389,还是,háishi,,,hay là; vẫn còn,still,,,
390,明白,míngbai,,,hiểu,clear,,,
391,房子,fángzi,,,ngôi nhà,house,,,
392,房间,fángjiān,,,căn phòng,Room,,,
393,间,jiān,,,phòng,between,,,
394,照片,zhàopiàn,,,bức ảnh,photo,,,
395,旁边,pángbiān,,,bên cạnh,beside,,,
396,红色,hóngsè,,,màu đỏ,red,,,
397,黑色,hēisè,,,màu đen,black,,,
398,颜色,yánsè,,,màu sắc,color,,,
399,哭,kū,,,khóc,cry,,,
400,早,zǎo,,,sớm; buổi sáng,morning,,,
401,晚,wǎn,,,muộn; buổi tối,Night,,,
402,左边,zuǒbian,,,bên trái,left,,,
403,右边,yòubian,,,bên phải,right,,,
404,中间,zhōngjiān,,,ở giữa,middle,,,
405,一样,yīyàng,,,giống nhau,Same,,,
406,哎呀,āiyā,,,Ôi chao,oops,,,
407,我的天,wǒ de tiān,,,Trời đất ơi,Oh My God,,,
408,车站,chēzhàn,,,"bến xe, ga xe",station,,,
409,站,zhàn,,,đứng,stand,,,
410,来到,láidào,,,đến,come,,,
411,车票,chēpiào,,,vé xe,ticket,,,
412,机票,jīpiào,,,vé máy bay,Airfare,,,
413,放,fàng,,,đặt,put,,,
414,钱包,qiánbāo,,,cái ví,wallet,,,
415,身上,shēnshang,,,trên người,On body,,,
416,身边,shēnbiān,,,"xung quanh, chung quanh",Around,,,
417,在身边,zài shēnbiān,,,bên cạnh,Beside,,,
418,睡,shuì,,,ngủ,sleep,,,
419,坐下,zuòxia,,,ngồi xuống,sit down,,,
420,出来,chūlái,,,đi ra ngoài,come out,,,
421,出去,chūqù,,,đi ra ngoài,go out,,,
422,有的,yǒu de,,,có thứ; có một số,some,,,
423,有时,yǒushí,,,thỉnh thoảng,sometimes,,,
424,着,zhe,,,nhấn mạnh sự tiếp diễn,Wearing,,,
425,考试,kǎoshì,,,làm bài kiểm tra,take an exam,,,
426,考,kǎo,,,kiểm tra,Test,,,
427,难,nán,,,khó,Disaster,,,
428,问题,wèntí,,,"câu hỏi, vấn đề",question,,,
429,最后,zuìhòu,,,cuối cùng,at last,,,
430,回答,huídá,,,trả lời,answer,,,
431,对,duì,,,đối với; đúng vậy; đúng,right,,,
432,错,cuò,,,sai,wrong,,,
433,记得,jìde,,,nhớ,Remember,,,
434,忘记,wàngjì,,,quên,forget,,,
435,记住,jìzhu,,,ghi nhớ,remember,,,
436,听写,tīngxiě,,,nghe viết,dictation,,,
437,教,jiào,,,dạy học,teach,,,
438,教室,jiàoshì,,,lớp học,classroom,,,
439,教授,jiàoshòu,,,giáo sư,professor,,,
440,教学楼,jiàoxuélóu,,,giảng đường,Teaching building,,,
441,页,yè,,,trang sách,Page,,,
442,课本,kèběn,,,sách giáo khoa,textbook,,,
443,课文,kèwén,,,"bài khóa, đoạn văn",text,,,
444,次,cì,,,lần,Second-rate,,,
445,第,dì,,,thứ (thứ tự),No.,,,
446,第一,dìyī,,,"thứ nhất, đầu tiên",First,,,
447,上次,shàngcì,,,lần trước,Last time,,,
448,下次,xiàcì,,,lần sau,next time,,,
449,住在,zhù zài,,,"sống tại, sống ở",Living,,,
450,想,xiǎng,,,nghĩ; muốn; nhớ,think,,,
451,进来,jìnlái,,,vào (người ở trong nói),Come in,,,
452,进去,jìnqù,,,vào (người bên ngoài nói),Go in,,,
453,得到,dédào,,,đạt được,get,,,
454,道德,dàodé,,,đạo đức,Morality,,,
455,日期,rìqī,,,ngày,date,,,
456,地点,dìdiǎn,,,"địa điểm, nơi",Place,,,
457,地址,dìzhǐ,,,địa chỉ,address,,,
458,重,zhòng,,,nặng,Heavy,,,
459,中心,zhōngxīn,,,trung tâm,center,,,
460,重心,zhòngxīn,,,trọng tâm,Center of gravity,,,
461,书包,shūbāo,,,cặp sách,bag,,,
462,读书,dúshū,,,đi học (nghĩa bóng); đọc sách (nghĩa đen),read,,,
463,本子,běnzi,,,sách,book,,,
464,中文,zhōngwén,,,"tiếng Trung, ngữ văn Trung",Chinese,,,
465,汉语,hànyǔ,,,Tiếng Trung,Chinese,,,
466,班,bān,,,lớp học,class,,,
467,小学生,xiǎoxuéshēng,,,học sinh tiểu học,primary school students,,,
468,中学生,zhōngxuéshēng,,,học sinh trung học,middle school student,,,
469,有用,yǒuyòng,,,có ích,it works,,,
470,无用,wúyòng,,,vô ích,useless,,,
471,找到,zhǎodào,,,"tìm thấy, tìm được",turn up,,,
472,用,yòng,,,sử dụng,use,,,
473,去年,qùnián,,,năm ngoái,last year,,,
474,明年,míngnián,,,năm tới,next year,,,
475,前天,qiántiān,,,hôm kia,The day before yesterday,,,
476,昨天,zuótiān,,,hôm qua,yesterday,,,
477,后天,hòutiān,,,ngày mốt,the day after tomorrow,,,
478,明天,míngtiān,,,ngày mai,tomorrow,,,
479,今天,jīntiān,,,hôm nay,today,,,
480,还没,hái méi,,,vẫn chưa,not yet,,,
481,准备,zhǔnbèi,,,chuẩn bị,Prepare,,,
482,知识,zhīshi,,,"kiến thức, tri thức",Knowledge,,,
483,认真,rènzhēn,,,"chăm chỉ, nghiêm túc",serious,,,
484,床,chuáng,,,cái giường,bed,,,
485,跑步,pǎobù,,,chạy bộ,running,,,
486,运动,yùndòng,,,thể thao,sports,,,
487,游泳,yóuyǒng,,,bơi lội,swim,,,
488,每天,měitiān,,,mỗi ngày,every day,,,
489,音乐,yīnyuè,,,âm nhạc,music,,,
490,出,chū,,,"xuất, ra ngoài",out,,,
491,出租车,chūzūchē,,,taxi,taxi,,,
492,公交车,gōngjiāochē,,,xe buýt,the bus,,,
493,公共汽车,gōnggòngqìchē,,,xe buýt,bus,,,
494,火车,huǒchē,,,xe lửa,train,,,
495,地铁,dìtiě,,,tàu điện ngầm,subway,,,
496,常常,chángcháng,,,"thường xuyên, thường hay",Frequent,,,
497,别人,biéren,,,những người khác,other people,,,
498,奖学金,jiǎngxuéjīn,,,học bổng,scholarship,,,
499,金,jīn,,,"vàng, kim loại vàng (nghĩa bóng chỉ tiền bạc)",gold,,,
500,都,dū,,,"mọi, tất cả; đều",All,,,
501,告诉,gàosu,,,"nói, kể",Tell,,,
502,学院,xuéyuàn,,,học viện,College,,,
503,有名,yǒumíng,,,nổi tiếng,famous,,,
504,最,zuì,,,nhất,most,,,
505,最好,zuìhǎo,,,tốt nhất,most,,,
506,看到,kàndào,,,nhìn thấy,See,,,
507,下车,xiàchē,,,xuống xe,get off,,,
508,上车,shàngchē,,,lên xe,Get on the bus,,,
509,地上,dìshang,,,dưới đất,ground,,,
510,老人,lǎorén,,,"người già, người lớn tuổi",elder,,,
511,过马路,guò mǎlù,,,băng qua đường,Crossing the road,,,
512,小朋友,xiǎopéngyǒu,,,"bạn nhỏ, trẻ em, đứa trẻ con",kid,,,
513,还给,huángěi,,,trả lại,Return,,,
514,送给,sònggěi,,,tặng cho,Give,,,
515,得,dé,,,phải,have to,,,
516,地,dì,,,đất,land,,,
517,的,de,,,của,of,,,
518,作业,zuòyè,,,bài tập,Operation,,,
519,干,gān,,,khô; làm,Dry,,,
520,干净,gānjìng,,,sạch sẽ,clean,,,
521,楼上,lóushàng,,,tầng trên,upstairs,,,
522,楼下,lóuxià,,,tầng dưới,downstairs,,,
523,见面,jiànmiàn,,,gặp mặt,Meet,,,
524,电,diàn,,,điện,electricity,,,
525,做饭,zuòfàn,,,"nấu cơm, nấu ăn",Cook,,,
526,听到,tīngdào,,,nghe thấy,Hear,,,
527,懂,dǒng,,,hiểu,Understand,,,
528,啊,a,,,"a, á (trợ từ ngữ khí)",ah,,,
529,诶,ēi,,,"ê, hêy",Hey,,,
530,走,zǒu,,,đi bộ,Walk,,,
531,已经,yǐjīng,,,"đã, rồi",already,,,
532,每,měi,,,mỗi,Every,,,
533,海,hǎi,,,"biển, đại dương",ocean,,,
534,上海,shànghǎi,,,Thượng Hải,Shanghai,,,
535,丈夫,zhàngfu,,,chồng,husband,,,
536,妻子,qīzi,,,vợ,wife,,,
537,老公,lǎogong,,,chồng,husband,,,
538,老婆,lǎopó,,,vợ,Wife,,,
539,先生,xiānsheng,,,"tiên sinh, ông, ngài, quý ông",gentlemen,,,
540,小姐,xiǎojie,,,"quý cô, quý bà, bà chị",Miss,,,
541,孩子,háizi,,,đứa trẻ,child,,,
542,孩子们,háizi men,,,những đứa trẻ,children,,,
543,姓,xìng,,,họ,surname,,,
544,题,tí,,,câu hỏi,question,,,
545,跳舞,tiàowǔ,,,"khiêu vũ, nhảy",Dance,,,
546,旅游,lǚyóu,,,du lịch,travel,,,
547,游泳,yóuyǒng,,,bơi,swim,,,
548,踢足球,tīzúqiú,,,chơi bóng đá,play soccer,,,
549,打篮球,dǎlánqiú,,,chơi bóng rổ,Playing basketball,,,
550,跑步,pǎobù,,,chạy bộ,running,,,
551,汉字,hànzì,,,Chữ Hán,Chinese character,,,
552,离,lí,,,"cách (bao xa, bao lâu)",Leave,,,
553,离开,líkāi,,,"rời xa, rời khỏi",leave,,,
554,公里,gōnglǐ,,,ki-lô-mét,kilometer,,,
555,公斤,gōngjīn,,,ki-lô-gram,Kilogram,,,
556,出门,chūmén,,,đi ra ngoài,Going out,,,
557,往,wǎng,,,đi về hướng,Past,,,
558,向,xiàng,,,đi về hướng; đối với,Towards,,,
559,门,mén,,,cửa,Door,,,
560,服务,fúwù,,,phục vụ,Serve,,,
561,服务员,fúwùyuán,,,nhân viên phục vụ,waiter,,,
562,欢迎,huānyíng,,,Chào mừng,welcome,,,
563,出去玩儿,chūqù wánr,,,ra ngoài đi chơi,Go out and play,,,
564,电脑游戏,diànnǎoyóuxì,,,trò chơi điện tử (trên máy tính),Computer games,,,
565,过,guò,,,qua; sống; trải qua; vượt qua; từng,Pass,,,
566,两,liǎng,,,hai,two,,,
567,因为,yīnwèi,,,bởi vì,because,,,
568,所以,suǒyǐ,,,"vì thế, vì vậy",so,,,
569,虽然,suīrán,,,mặc dù,Although,,,
570,但是,dànshì,,,nhưng,but,,,
571,故宫,gùgōng,,,"Tử Cấm Thành, Cố Cung",Forbidden City,,,
572,雪,xuě,,,tuyết,Snow,,,
573,下雪,xiàxuě,,,tuyết rơi,snow,,,
574,白雪,báixuě,,,tuyết trắng,Snow White,,,
575,阴,yīn,,,"âm, âm u",Negative,,,
576,阴天,yīntiān,,,ngày nhiều mây,cloudy day,,,
577,晴,qíng,,,"thanh, thông thoáng, nắng thanh",clear,,,
578,晴天,qíngtiān,,,ngày có nắng,sunny,,,
579,希望,xīwàng,,,"hy vọng, mong ",hope,,,
580,可能,kěnéng,,,có thể (dự đoán),possible,,,
581,男,nán,,,"nam giới, con trai, đàn ông",male,,,
582,女,nǚ,,,"nữ giới, con gái, phụ nữ",female,,,
583,市场,shìchǎng,,,cái chợ; thị trường,market,,,
584,礼物,lǐwù,,,món quà,Gift,,,
585,报纸,bàozhǐ,,,báo,newspaper,,,
586,忙,máng,,,bận,busy,,,
587,可以,kěyǐ,,,có thể,Can,,,
588,比较,bǐjiào,,,"khá, tương đối; so với",Compare,,,
589,有点儿,yǒudiǎnr,,,có hơi (nghĩa tiêu cực),kind of,,,
590,手机,shǒujī,,,điện thoại cầm tay,cell phone,,,
591,粉色,fěnsè,,,màu hồng,pink,,,
592,紫色,zǐsè,,,màu tím,Purple,,,
593,蓝色,lánsè,,,màu xanh da trời,blue,,,
594,绿色,lǜsè,,,màu xanh lá,green,,,
595,橙色,chéngsè,,,màu cam,orange color,,,
596,黄色,huángsè,,,màu vàng,yellow,,,
597,毛衣,máoyī,,,áo len,sweater,,,
598,大衣,dàyī,,,áo khoác ngoài,overcoat,,,
599,雨衣,yǔyī,,,áo mưa,raincoat,,,
600,衬衫,chènshān,,,áo sơ mi,shirt,,,
601,裤子,kùzi,,,quần đùi,Pants,,,
602,裙子,qúnzi,,,váy,skirt,,,
603,雨伞,yǔsǎn,,,"cây dù, cái ô",Umbrella,,,
604,件,jiàn,,,"(lượng từ cho công việc, sự việc, quần áo, văn kiện)",Item,,,
605,呢,ne,,,(trợ từ ngữ khí làm diệu ngữ điệu),Woolen cloth,,,
606,就,jiù,,,"thì, là, đã, chính",At once,,,
607,眼睛,yǎnjīng,,,mắt,Eye,,,
608,药,yào,,,thuốc,medicine,,,
609,吃药,chīyào,,,uống thuốc,Taking medicine,,,
610,意思,yìsi,,,"ý nghĩa, có nghĩa là",mean,,,
611,有意思,yǒuyìsi,,,"thú vị, hấp dẫn",interesting,,,
612,有帮助,yǒu bāngzhù,,,"có ích, hữu ích",Helpful,,,
613,帮助,bāngzhù,,,giúp đỡ,help,,,
614,生词,shēngcí,,,từ mới,New words,,,
615,开心,kāixīn,,,vui mừng,happy,,,
616,快乐,kuàilè,,,"vui vẻ, hạnh phúc",hapiness,,,
617,鱼,yú,,,cá,fish,,,
618,鱼肉,yúròu,,,thịt cá,Fish meat,,,
619,苹果,píngguǒ,,,quả táo,apple,,,
620,洗脸,xǐliǎn,,,rửa mặt,Wash face,,,
621,西瓜,xīguā,,,dưa hấu,watermelon,,,
622,洗碗,xǐwǎn,,,rửa bát,do the washing up,,,
623,洗衣服,xǐyīfú,,,giặt đồ,do the laundry,,,
624,洗澡,xǐzǎo,,,tắm rửa,bath,,,
625,完,wán,,,làm xong,over,,,
626,完成,wánchéng,,,hoàn thành,Finish,,,
627,咖啡,kāfēi,,,cà phê,coffee,,,
628,铅笔,qiānbǐ,,,bút chì,pencil,,,
629,宾馆,bīnguǎn,,,khách sạn,Hotel,,,
630,最近,zuìjìn,,,gần đây,recent,,,
631,火车站,huǒchēzhàn,,,ga tàu lửa,TRAIN STATION,,,
632,地铁站,dìtiězhàn,,,ga tàu điện ngầm,metro station,,,
633,让,ràng,,,cho phép,let,,,
634,叫,jiào,,,gọi,Call,,,