STT,HÁN TỰ,PINYIN,TỪ LOẠI,HÁN VIỆT,NGHĨA TIẾNG VIỆT,NGHĨA TIẾNG ANH,ÔN TẬP,CHECK,CÂU VÍ DỤ,NGHĨA CÂU
1,责怪,zéguài,Động từ,TRÁCH QUÁI,"trách cứ, trách móc, oán trách",Blame,,FALSE,,
2,情绪,qíngxù,Danh từ,TÌNH TỰ,"cảm xúc, tâm trạng, tinh thần ",mood,,FALSE,,
3,安心,ānxīn,Tính từ,AN TÂM,"an tâm, yên tâm, cảm giác bình yên trong tâm hồn",Peace of mind,,FALSE,,
4,发誓,fāshì,Động từ,PHÁT THỆ,"thề, xin thề, tuyên thệ",swear,,FALSE,,
5,当下,dāngxià,"Phó từ, Danh từ",ĐƯƠNG HẠ," (phó từ): lập tức; ngay lập tức; tức thì; liền; ngay lúc đó; (danh từ): lúc này, hiện tại",At present,,FALSE,,
6,留言,liúyán,Động từ,LƯU NGÔN,"bình luận, comment, để lại tin nhắn",message,,FALSE,,
7,般配,bānpèi,Tính từ,BAN PHỐI,"xứng đôi, hợp nhau; hợp, xứng",Well-matched,,FALSE,,
8,社会网络,shèhuì wǎngluò,Danh từ,XÃ HỘI VÕNG LẠC,"mạng xã hội, phương tiện truyền thông mạng xã hội",Social Networks,,FALSE,,
9,社交媒体,shèjiāo méitǐ,Danh từ,XÃ GIAO MÔI THỂ,mạng xã hội,social media,,FALSE,,
10,微信,Wēixìn,Danh từ,VI TÍN,WeChat (mạng xã hội phổ biến nhất Trung Quốc),WeChat,,FALSE,,
11,微博,Wēibó,Danh từ,VI BÁC,WeiBo,Weibo,,FALSE,,
12,小红书,Xiǎohóngshū,Danh từ,TIỂU HỒNG THƯ,Tiểu Hồng Thư (mạng xã hội của Trung Quốc),Xiaohongshu,,FALSE,,
13,抖音,Dǒuyīn,Danh từ,ĐẨU ÂM,"TikTok, Douyin (Chinese Version)",Tik Tok,,FALSE,,
14,哎,āi,Thán từ,ai,"này, trời ơi, ái chà (được dùng để diễn tả sự ngạc nhiên hoặc không hài lòng)","oh, haizz, omg",,FALSE,哎，今天晚上你不要再睡那么晚了!,"Này, đừng thức khuya nữa tối nay nhé!"
15,唉,āi,Thán từ,ai,"ôi, than ôi (diễn tả sự thương cảm hoặc hối tiếc)","oh, oiss, oops",,FALSE,唉，真没意思！,"Ôi, chán quá!"
16,爱护,àihù,Động từ,ái hộ,"yêu quý, quý trọng, trân trọng, bảo vệ, yêu thương","cherish, take care of, safeguard",,FALSE,朋友之间应该互相爱护，互相帮助。,Bạn bè nên quan tâm và giúp đỡ lẫn nhau.
17,爱惜,àixī,Động từ,ái tích,"quý trọng, trân trọng, trân quý","esteem, appreciate, cherish",,FALSE,我们一定要爱惜自己的身体。,Chúng ta phải trân trọng cơ thể mình.
18,粮食,liángshí,Danh từ,lương thực,lương thực,"food, grain",,FALSE,我们应该爱惜粮食，不要浪费。,Chúng ta nên trân trọng thực phẩm và tránh lãng phí.
19,爱心,àixīn,Danh từ,ái tâm,"lòng yêu thương, lòng trắc ẩn, lòng nhân ái","love, care, compassion",,FALSE,大家都想参加这次爱心活动。,Ai cũng muốn tham gia sự kiện từ thiện này.
20,暗,àn,Tính từ,ám,"tối tăm, u ám, mù mịt","dark, dim, dull",,FALSE,这条路晚上没有灯，恨暗。,Con đường này rất tối vào ban đêm vì không có đèn chiếu sáng.
21,黑暗,hēi'àn,Tính từ,hắc ám,"đen tối, tối tăm; hắc ám, đen tối","dark, evil",,FALSE,夜晚的森林很黑暗。,Khu rừng rất tối vào ban đêm.
22,暗下来,àn xiàlái,Động từ,ám hạ lai,(trời) tối dần,becoming darker and darker,,FALSE,傍晚了，天暗了下来。,"Trời đã tối, và bầu trời bắt đầu sẫm màu."
23,岸,àn,Danh từ,ngạn,"bờ, bến (sông, biển)","river bank, sea shore",,FALSE,我们在海岸上散步。,Chúng tôi đi dạo trên bờ biển.
24,安慰,ānwèi,"Động từ, Danh từ, Tính từ",an úy,"(v): an ủi, trấn an, dỗ dành; (n): sự an ủi; (adj): an nhàn, thoải mái","comfort, console",,FALSE,当我遇到难过的事情，我的好朋友总是陪在我身边，安慰我。,"Mỗi khi gặp phải chuyện gì buồn, những người bạn tốt của tôi luôn ở bên cạnh an ủi tôi."
25,安装,ānzhuāng,Động từ,an trang,"lắp ráp, lắp đặt, cài đặt","install, set up",,FALSE,你好，我昨天在你们那儿买的空调，你们什么时候派工人过来安装？,"Chào bạn, tôi đã mua một máy điều hòa từ cửa hàng của bạn hôm qua. Khi nào bạn sẽ cử người đến lắp đặt?"
26,设备,shèbèi,Danh từ,thiết bị,"thiết bị, dụng cụ",equipment,,FALSE,这个设备的作用是什么？,Thiết bị này có chức năng gì?
27,软件,ruǎnjiàn,Danh từ,nhuyễn kiện,"phần mềm, ứng dụng",software,,FALSE,我要把这个软件安装在我的电脑里。,Tôi muốn cài đặt phần mềm này trên máy tính của mình.
28,熬夜,áo yè,Động từ,ngao dạ,"thức khuya, thức đêm, thức sáng đêm",stay up late,,FALSE,你不要熬夜了，等到身体生病才后悔是来不及的。,Đừng thức khuya nữa; đến khi ốm thì đã quá muộn để hối hận rồi.
29,摆,bǎi,Động từ,bài,"bài biện, bố trí, sắp đặt, sắp xếp","put, place, arrange",,FALSE,我们一起把东西摆整齐吧。,Chúng ta hãy cùng nhau cất giữ mọi thứ một cách gọn gàng.
30,傍晚,bàngwǎn,Danh từ,bàng vãn,"chạng vạng, chập tối, chiều tối, xẩm tối, hoàng hôn","at dusk, at nightfall",,FALSE,每天傍晚我都跑一个小时步。,Tôi chạy bộ một tiếng mỗi tối.
31,办理,bànlǐ,Động từ,biện lý,"làm, giải quyết, thực hiện (thủ tục)","handle, conduct",,FALSE,申请签证前，你需要办理好护照。,"Trước khi xin visa, bạn cần phải có hộ chiếu."
32,手续,shǒuxù,Danh từ,thủ tục,thủ tục,procedure,,FALSE,我已经办好出国手续了。,Tôi đã hoàn tất các thủ tục để đi nước ngoài.
33,薄,báo,Tính từ,bạc,"mỏng, mỏng manh",thin,,FALSE,外面天气那么冷，你怎么穿这么薄的衣服，不觉得冷吗？,"Ngoài trời lạnh như vậy, sao bạn lại mặc quần áo mỏng thế? Bạn không thấy lạnh à?"
34,宝贝,bǎobèi,Danh từ,bảo bối,"bảo bối, em yêu, bé yêu, cục cưng",my love,,FALSE,halo宝贝，我带你去吃冰淇淋呢。,"Cục cưng ơi, anh dẫn em đi ăn kem nè."
35,收藏,shōucáng,Động từ,thu tàng,"sưu tầm, thu gom, góp nhặt",collect,,FALSE,我收藏了很多宝贝。,Tôi đã sưu tầm được rất nhiều báu vật.
36,保持,bǎochí,Động từ,bảo trì,"duy trì, giữ gìn, giữ","keep, maintain, retain",,FALSE,无论在什么样的情况下，我们都尽量保持积极的态度。,"Dù trong hoàn cảnh nào, chúng tôi luôn cố gắng hết sức để giữ thái độ tích cực."
37,保持联系,bǎochí liánxì,Động từ,bảo trì liên hệ,giữ liên lạc,keep in touch,,FALSE,毕业后，我们一定要保持联系呢。,"Sau khi tốt nghiệp, chúng ta nhất định phải giữ liên lạc đó nha!"
38,保存,bǎocún,Động từ,bảo tồn,"giữ gìn, cất giữ, lưu giữ, bảo quản","save, preserve",,FALSE,这个食物可以保存三个月以上。,Loại thực phẩm này có thể bảo quản được hơn ba tháng.
39,保留,bǎoliú,Động từ,bảo lưu,"giữ gìn, bảo tồn, bảo lưu, giữ nguyên","keep unchanged, retain, keep back",,FALSE,许多少数民族地区还在保留着传统风俗习惯。,Nhiều khu vực dân tộc thiểu số vẫn còn lưu giữ những phong tục và truyền thống lâu đời.
40,风俗习惯,fēngsú xíguàn,Danh từ,phong tục tập quán,phong tục tập quán,customs and habits,,FALSE,许多少数民族地区还在保留着传统风俗习惯。,Nhiều khu vực dân tộc thiểu số vẫn còn lưu giữ những phong tục và truyền thống lâu đời.
41,报道,bàodào,"Danh từ, Động từ",báo đạo,"(n): bản tin, bài báo; (v): đưa tin, phát tin","(n): news, (v): report news",,FALSE,我爸爸每天晚上都上网看新闻报道，了解世界时事。,Bố tôi mỗi tối đều lên mạng đọc tin tức và tìm hiểu về các sự kiện hiện tại trên thế giới.
42,地震,dìzhèn,Danh từ,địa chấn,động đất,earthquake,,FALSE,电视台报道了日本地震的消息，所幸每人受伤。,"Đài truyền hình đã đưa tin về trận động đất ở Nhật Bản; may mắn thay, không có ai bị thương."
43,时事,shíshì,Danh từ,thì sự,thời sự,"news, current events",,FALSE,每天晚上我都花半个小时看电视的时事。,Mỗi tối tôi dành nửa tiếng đồng hồ xem tin tức thời sự trên truyền hình.
44,事实,shìshí,Danh từ,sự thực,sự thật,the truth,,FALSE,这件事你不会相信也没关系，但是它是事实。,"Không sao nếu bạn không tin, nhưng đó là sự thật."
45,实施,shíshī,Động từ,thực thi,"thực thi, thi hành (pháp lệnh, chính sách)","put into effect, bring something into force, carry out",,FALSE,政府刚通过这个律条，大家需要严肃地遵守和符合地实施。,"Chính phủ vừa thông qua luật này, và mọi người cần nghiêm túc tuân thủ và thực hiện theo đúng nội dung của nó."
46,报到,bàodào,Động từ,báo đáo,"báo danh, báo cáo có mặt, báo trình diện","check in, report for duty",,FALSE,请大家在这里登记报到。,Mời mọi người đăng ký báo danh tại đây.
47,报告,bàogào,"Động từ, Danh từ",báo cáo,báo cáo,report,,FALSE,他做的报告内容很详细。,Anh ấy làm nội dung báo cáo rất chi tiết.
48,宝贵,bǎoguì,Tính từ,bảo quý,"quý giá, quý báu","precious, valuable",,FALSE,不要浪费我们的宝贵时间。,Chúng ta đừng lãng phí thời gian quý báu của mình.
49,珍惜,zhēnxī,Động từ,trân tích,"trân trọng, trân quý, quý trọng",cherish,,FALSE,我们需要珍惜宝贵的生命。,Chúng ta cần trân trọng cuộc sống quý giá của mình.
50,包裹,bāoguǒ,Danh từ,bao khỏa,"kiện hàng, bưu phẩm, hàng","parcel, package",,FALSE,我去邮局寄包裹。,Tôi đến bưu điện để gửi một bưu kiện.
51,报社,bàoshè,Danh từ,báo xã,"tòa soạn, tòa báo",newspaper office,,FALSE,我现在在一家报社工作。,Hiện tại tôi đang làm việc tại một tòa soạn.
52,保险,bǎoxiǎn,Danh từ,bảo hiểm,bảo hiểm,insurance,,FALSE,大家可以买各种各样的社会保险。,Mọi người có thể mua đủ loại bảo hiểm xã hội.
53,抱怨,bàoyuàn,Động từ,bão oán,"than phiền, phàn nàn, oán trách, oán giận",complain,,FALSE,不要总是抱怨周围的环境不好，试试改变自己的态度，慢慢来你就更好地适应。,Đừng lúc nào cũng phàn nàn về môi trường xung quanh. Hãy thử thay đổi thái độ và làm mọi việc từ từ; bạn sẽ thích nghi tốt hơn theo cách đó.
54,停止,tíngzhǐ,Động từ,đình chỉ,"ngừng, dừng, chấm dứt","stop, cease",,FALSE,从今天起，你停止抱怨自己吧，给自己一些爱心和照顾吧。,"Từ hôm nay, hãy ngừng than phiền về bản thân và dành cho mình tình yêu thương và sự chăm sóc."
55,背,bēi,Động từ,bội,"vác, cõng, mang, đeo (sau lưng)",back something,,FALSE,他背着孩子走过马路。,Anh ấy cõng đứa trẻ và băng qua đường.
56,悲观,bēiguān,Tính từ,bi quan,"bi quan, tiêu cực",pessimistic,,FALSE,这种悲观的态度会影响你的学习。,Thái độ bi quan này sẽ ảnh hưởng đến việc học tập của bạn.
57,乐观,lèguān,Tính từ,lạc quan,"lạc quan, tích cực, vui vẻ",optimistic,,FALSE,保持乐观的态度是克服生活中的困难和挑战的关键。,Duy trì thái độ lạc quan là chìa khóa để vượt qua những khó khăn và thử thách trong cuộc sống.
58,情绪,qíngxù,Danh từ,tình tự,"tâm trạng, cảm xúc; nỗi buồn, ưu tư, suy tư","emotion, mood, feeling; depression, moodiness",,FALSE,他的情绪很不稳定。你们需要多关心和安慰他把。,Cảm xúc của anh ấy rất bất ổn. Bạn cần thể hiện sự quan tâm và an ủi anh ấy nhiều hơn.
59,对……感到悲观,duì...gǎndào bēiguān,Cụm từ,đối...cảm đáo bi quan,cảm thấy bi quan về,feel pessimistic about something,,FALSE,我对我的未来感到非常悲观。,Tôi cảm thấy rất bi quan về tương lai của mình.
60,包含,bāohán,Động từ,,,Include,,FALSE,,
61,深刻,shēnkè,Tính từ,,,profound,,FALSE,,
62,道理,dàolǐ,Danh từ,,,reason,,FALSE,,
63,包括,bāokuò,Động từ,,,include,,FALSE,,
64,包括……在内,bāokuò……zàinèi,Động từ,,,Including...,,FALSE,,
65,总共,zǒnggòng,Phó từ,,,Total,,FALSE,,
66,背景,bèijǐng,Danh từ,,,background,,FALSE,,
67,社会背景,shèhuì bèijǐng,Danh từ,,,Social background,,FALSE,,
68,当时,dāngshí,Danh từ,,,then,,FALSE,,
69,被子,bèizi,Danh từ,,,Quilt,,FALSE,,
70,本科,běnkē,Danh từ,,,Undergraduate,,FALSE,,
71,阶段,jiēduàn,Danh từ,,,stage,,FALSE,,
72,本领,běnlǐng,Danh từ,,,ability,,FALSE,,
73,本质,běnzhì,Danh từ,,,nature,,FALSE,,
74,长相,zhǎngxiàng,Danh từ,,,appearance,,FALSE,,
75,编辑,biānjí,Động từ,,,edit,,FALSE,,
76,辩论,biànlùn,Động từ,,,debate,,FALSE,,
77,激烈,jīliè,Tính từ,,,fierce,,FALSE,,
78,逐渐,zhújiàn,Phó từ,,,gradually,,FALSE,,
79,争吵,zhēngchǎo,Động từ,,,quarrel,,FALSE,,
80,鞭炮,biānpào,Động từ,,,firecracker,,FALSE,,
81,禁止,jìnzhǐ,Động từ,,,prohibit,,FALSE,,
82,表达,biǎodá,Động từ,,,Express,,FALSE,,
83,标点,biāodiǎn,Danh từ,,,punctuation,,FALSE,,
84,尽量,jǐnliàng,Phó từ,,,Try your best,,FALSE,,
85,避免,bìmiǎn,Động từ,,,avoid,,FALSE,,
86,不可避免,bùkě bìmiǎn,Động từ,,,Inevitable,,FALSE,,
87,表面,biǎomiàn,Danh từ,,,surface,,FALSE,,
88,在乎,zàihu,Động từ,,,care,,FALSE,,
89,表明,biǎomíng,Động từ,,,show,,FALSE,,
90,表情,biǎoqíng,Danh từ,,,expression,,FALSE,,
91,标志,biāozhì,Danh từ,,,logo,,FALSE,,
92,合作,hézuò,"Danh từ, Động từ",,,cooperate,,FALSE,,
93,配合,pèihé,"Danh từ, Động từ",,,Cooperate,,FALSE,,
94,起点,qǐdiǎn,Danh từ,,,starting point,,FALSE,,
95,比例,bǐlì,Danh từ,,,Proportion,,FALSE,,
96,受伤,shòushāng,Động từ,,,Injured,,FALSE,,
97,病毒,bìngdú,Danh từ,,,Virus,,FALSE,,
98,感染,gǎnrǎn,Động từ,,,Infect,,FALSE,,
99,传染,chuánrǎn,Động từ,,,infect,,FALSE,,
100,冰激凌,bīngjīlíng,Danh từ,,,ice cream,,FALSE,,
101,冰淇淋,bīngqílín,Danh từ,,,ice cream,,FALSE,,
102,必然,bìrán,"Tính từ, Danh từ",,,inevitable,,FALSE,,
103,必要,xūyào,Tính từ,,,necessary,,FALSE,,
104,看上去,kànshàngqù,Động từ,,,It looks like,,FALSE,,
105,碰到,pèngdào,Động từ,,,bump into,,FALSE,,
106,人类,rénlèi,Danh từ,,,Humans,,FALSE,,
107,生存,shēngcún,Động từ,,,Survive,,FALSE,,
108,播放,bòfàng,Động từ,,,Play,,FALSE,,
109,视频,shìpín,Danh từ,,,video,,FALSE,,
110,玻璃,bōli,Danh từ,,,Glass,,FALSE,,
111,被打破,bèi dǎpò,Động từ,,,Broken,,FALSE,,
112,博物馆,bówùguǎn,Danh từ,,,museum,,FALSE,,
113,脖子,bózi,Danh từ,,,neck,,FALSE,,
114,不要紧,bùyàojǐn,Tính từ,,,It's alright.,,FALSE,,
115,长期,chángqī,Tính từ,,,long,,FALSE,,
116,造成,zàochéng,Động từ,,,cause,,FALSE,,
117,酒店,jiǔdiàn,Danh từ,,,hotel,,FALSE,,
118,光滑,guānghuá,Tính từ,,,smooth,,FALSE,,
119,布,bù,Danh từ,,,cloth,,FALSE,,
120,把握,bǎwò,"Động từ, Danh từ",,,grasp,,FALSE,,
121,掌握,zhǎngwò,Động từ,,,master,,FALSE,,
122,不安,bù'ān,Tính từ,,,disturbed,,FALSE,,
123,补充,bǔchōng,Động từ,,,Replenish,,FALSE,,
124,营养,yíngyǎng,Danh từ,,,Nutrition,,FALSE,,
125,不断,búduàn,"Động từ, Phó từ",,,continuously,,FALSE,,
126,部门,bùmén,Danh từ,,,department,,FALSE,,
127,不耐烦,bú nàifán,Tính từ,,,impatient,,FALSE,,
128,步骤,bùzhòu,Danh từ,,,step,,FALSE,,
129,具体,jùtǐ,Tính từ,,,specific,,FALSE,,
130,踩,cǎi,Động từ,,,step on,,FALSE,,
131,财产,cáichǎn,Danh từ,,,property,,FALSE,,
132,私人,sīrén,"Danh từ, Tính từ",,,private,,FALSE,,
133,采访,cǎifǎng,Động từ,,,Interview,,FALSE,,
134,彩虹,cǎihóng,Danh từ,,,rainbow,,FALSE,,
135,采取,cǎiqǔ,Động từ,,,take,,FALSE,,
136,措施,cuòshī,Danh từ,,,measure,,FALSE,,
137,生产成本,shēngchǎn chéngběn,Động từ,,,Production costs,,FALSE,,
138,参考,cānkǎo,Động từ,,,refer to,,FALSE,,
139,惭愧,cánkuì,Tính từ,,,I am ashamed,,FALSE,,
140,欺骗,qīpiàn,Động từ,,,cheat,,FALSE,,
141,操心,cāoxīn,Động từ,,,worry,,FALSE,,
142,打架,dǎjià,"Động từ, Động từ ly hợp",,,fight,,FALSE,,
143,操场,cāochǎng,Danh từ,,,playground,,FALSE,,
144,册,cè,Lượng từ,,,book,,FALSE,,
145,测验,cèyàn,Danh từ,,,test,,FALSE,,
146,期末测验,qīmò cèyàn,Danh từ,,,Final Exam,,FALSE,,
147,实验室,shíyànshì,Danh từ,,,laboratory,,FALSE,,
148,插,chā,Động từ,,,Insert,,FALSE,,
149,拆,chāi,Động từ,,,dismantle,,FALSE,,
150,物品,wùpǐn,Danh từ,,,thing,,FALSE,,
151,差距,chājù,Danh từ,,,gap,,FALSE,,
152,贫富差距,pínfù chājù,Danh từ,,,Inequality,,FALSE,,
153,常识,chángshí,Danh từ,,,common sense,,FALSE,,
154,长途,chángtú,Tính từ,,,long haul,,FALSE,,
155,产品,chǎnpǐn,Danh từ,,,product,,FALSE,,
156,生产,shēngchǎn,Động từ,,,Production,,FALSE,,
157,产生,chǎnshēng,Động từ,,,produce,,FALSE,,
158,矛盾,máodùn,Danh từ,,,contradiction,,FALSE,,
159,吵,chǎo,Động từ,,,Quarrel,,FALSE,,
160,炒,chǎo,Động từ,,,saute,,FALSE,,
161,抄,chāo,Động từ,,,copy,,FALSE,,
162,吵架,chǎojià,Động từ,,,quarrel,,FALSE,,
163,吵醒,chǎoxǐng,Động từ,,,Wake up,,FALSE,,
164,吵起来,chǎo qǐlái,Động từ,,,Arguing,,FALSE,,
165,睡不着,shuìbùzháo,Động từ,,,Can't sleep,,FALSE,,
166,和好,héhǎo,"Tính từ, Động từ",,,Make up,,FALSE,,
167,命运,mìngyùn,Danh từ,,,destiny,,FALSE,,
168,体现,tǐxiàn,Động từ,,,reflect,,FALSE,,
169,团结,tuánjié,"Động từ, Tính từ",,,Unity,,FALSE,,
170,民歌,míngē,Danh từ,,,folk song,,FALSE,,
171,民族,minzu,Danh từ,,,nationality,,FALSE,,
172,超级,chāojí,Tính từ,,,super,,FALSE,,
173,超级明星,chāojí míngxīng,Danh từ,,,Superstar,,FALSE,,
174,潮湿,cháoshī,Tính từ,,,damp,,FALSE,,
175,土地,tǔdì,Danh từ,,,land,,FALSE,,
176,叉子,chāzi,Danh từ,,,fork,,FALSE,,
177,彻底,chèdǐ,Tính từ,,,thorough,,FALSE,,
178,车库,chēkù,Danh từ,,,garage,,FALSE,,
179,称,chēng,Động từ,,,say,,FALSE,,
180,称呼,chēnghu,"Động từ, Danh từ",,,call,,FALSE,,
181,自称,zìchēng,Động từ,,,Self-proclaimed,,FALSE,,
182,被称为,bèi chēngwéi,Động từ,,,Known as,,FALSE,,
183,表现,biǎoxiàn,"Danh từ, Động từ",,,Performance,,FALSE,,
184,充满,chōngmǎn,Động từ,,,full,,FALSE,,
185,承担,chéngdān,Động từ,,,bear,,FALSE,,
186,总经理,zǒngjīnglǐ,Danh từ,,,General manager,,FALSE,,
187,程度,chéngdù,Danh từ,,,degree,,FALSE,,
188,达到……程度,dádào…chéngdù,Cụm từ,,,Reaching the level of...,,FALSE,,
189,成分,chéngfèn,Danh từ,,,Element,,FALSE,,
190,化学成分,huàxué chéngfèn,Danh từ,,,chemical composition,,FALSE,,
191,垃圾食品,lājī shípǐn,Danh từ,,,junk food,,FALSE,,
192,诚恳,chéngkěn,Tính từ,,,sincere,,FALSE,,
193,成立,chénglì,Động từ,,,Established,,FALSE,,
194,组织,zǔzhī,Động từ,,,organize,,FALSE,,
195,承认,chéngrèn,Động từ,,,admit,,FALSE,,
196,成人,chéngrén,"Danh từ, Động từ",,,adult,,FALSE,,
197,承受,chéngshòu,Động từ,,,bear,,FALSE,,
198,损失,sǔnshī,Danh từ,,,loss,,FALSE,,
199,不了,bùliǎo,"Động từ, Trợ từ",,,No,,FALSE,,
200,成熟,chéngshú,Tính từ,,,Mature,,FALSE,,
201,程序,chéngxù,Danh từ,,,program,,FALSE,,
202,程序员,chéngxùyuán,Danh từ,,,programmer,,FALSE,,
203,成语,chéngyǔ,Danh từ,,,idiom,,FALSE,,
204,称赞,chēngzàn,Động từ,,,commend,,FALSE,,
205,成长,chéngzhǎng,Động từ,,,growing up,,FALSE,,
206,沉默,chénmò,"Tính từ, Động từ",,,silence,,FALSE,,
207,空间,kōngjiān,Danh từ,,,space,,FALSE,,
208,车厢,chēxiāng,Danh từ,,,car,,FALSE,,
209,乘客,chéngkè,Danh từ,,,passenger,,FALSE,,
210,翅膀,chìbǎng,Danh từ,,,wing,,FALSE,,
211,蝴蝶,húdié,Danh từ,,,Butterfly,,FALSE,,
212,花纹,huāwén,Danh từ,,,Pattern,,FALSE,,
213,吃苦,chīkǔ,Động từ ly hợp,,,Endure hardship,,FALSE,,
214,吃亏,chīkuī,Động từ ly hợp,,,suffer a loss,,FALSE,,
215,池塘,chítáng,Danh từ,,,pond,,FALSE,,
216,尺子,shǐzi,Danh từ,,,ruler,,FALSE,,
217,冲,chōng,Động từ,,,rush,,FALSE,,
218,不足,bùzú,"Tính từ, Động từ, Danh từ",,,insufficient,,FALSE,,
219,睡眠,shuìmián,Danh từ,,,sleep,,FALSE,,
220,缺乏,quēfá,Động từ,,,lack,,FALSE,,
221,充电器,chōngdiànqì,Danh từ,,,charger,,FALSE,,
222,充分,chōngfèn,Tính từ,,,full,,FALSE,,
223,思考,sīkǎo,Động từ,,,think,,FALSE,,
224,理由,lǐyóu,Danh từ,,,reason,,FALSE,,
225,观点,guāndiǎn,Danh từ,,,Opinion,,FALSE,,
226,下决定,xiàjuédìng,Động từ,,,Make a decision,,FALSE,,
227,下决心,xiàjuéxīn,Động từ,,,Make a decision,,FALSE,,
228,充满,chōngmǎn,Động từ,,,full,,FALSE,,
229,吸引力,xīyǐn lì,Danh từ,,,attraction,,FALSE,,
230,能量,néngliàng,Danh từ,,,energy,,FALSE,,
231,宠物,chǒngwù,Danh từ,,,pet,,FALSE,,
232,丑,chǒu,Tính từ,,,ugly,,FALSE,,
233,丑恶,chǒu'è,Tính từ,,,ugly,,FALSE,,
234,行为,xíngwéi,Danh từ,,,Behavior,,FALSE,,
235,臭,chòu,Tính từ,,,Smelly,,FALSE,,
236,臭气,chòuqì,Danh từ,,,Odor,,FALSE,,
237,受不了,shòubùliǎo,Động từ,,,I can't stand it,,FALSE,,
238,榴莲,liúlián,Danh từ,,,durian,,FALSE,,
239,抽屉,chōutì ,Danh từ,,,drawer,,FALSE,,
240,抽象,chōuxiàng,"Động từ, Tính từ",,,abstract,,FALSE,,
241,思维,sīwéi,Danh từ,,,thinking,,FALSE,,
242,艺术家,yìshùjiā,Danh từ,,,artist,,FALSE,,
243,传播,chuánbō,Động từ,,,spread,,FALSE,,
244,广泛传播,guǎngfàn chuánbō,Động từ,,,Widespread,,FALSE,,
245,闯,chuǎng,Động từ,,,Break,,FALSE,,
246,敢闯敢试,gǎnchuǎng gǎnshì,Tính từ,,,Daring to try,,FALSE,,
247,窗帘,chuānglián,Danh từ,,,curtain,,FALSE,,
248,拉开,lākāi,Động từ,,,Pull open,,FALSE,,
249,创造,chuàngzào,Động từ,,,create,,FALSE,,
250,奇迹,qíjì,Danh từ,,,Miracle,,FALSE,,
251,传染病毒,chuánrǎn bìngdú,Động từ,,,Infectious virus,,FALSE,,
252,恐慌,kǒnghuāng,"Danh từ,Tính từ",,,panic,,FALSE,,
253,传说,chuánshuō,"Danh từ, Động từ",,,legend,,FALSE,,
254,神话,shénhuà,Danh từ,,,Myth,,FALSE,,
255,讲述,jiǎngshù,Động từ,,,Narrative,,FALSE,,
256,起源,qǐyuán ,Danh từ,,,origin,,FALSE,,
257,传统,chuántǒng,"Danh từ, Tính từ",,,Tradition,,FALSE,,
258,悠久,yōujiǔ,Tính từ,,,long,,FALSE,,
259,出版,chūbǎn,Động từ,,,publishing,,FALSE,,
260,出版图书,chūbǎn túshū,Động từ,,,Published books,,FALSE,,
261,吹,chuī,Động từ,,,blow,,FALSE,,
262,吹牛,chuīniú,Động từ,,,boast,,FALSE,,
263,凉爽,liángshuǎng,Tính từ,,,cool,,FALSE,,
264,初级,chūjí,Tính từ,,,primary,,FALSE,,
265,出口,chūkǒu,"Danh từ, Động từ",,,exit,,FALSE,,
266,处理,chǔlǐ,Động từ,,,deal with,,FALSE,,
267,办理,bànlǐ,Động từ,,,Processing,,FALSE,,
268,出色,chūsè,Tính từ,,,outstanding,,FALSE,,
269,出示,chūshì,Động từ,,,show,,FALSE,,
270,证据,zhèngjù,Danh từ,,,evidence,,FALSE,,
271,证明,zhèngmíng,Động từ,,,prove,,FALSE,,
272,清白,qīngbái,Danh từ,,,clean,,FALSE,,
273,除夕,chúxī,Danh từ,,,Lunar New Year's eve,,FALSE,,
274,除夕夜,chúxì yè,Danh từ,,,New Year's Eve,,FALSE,,
275,过除夕,guò chúxī,Động từ,,,New Year's Eve,,FALSE,,
276,出席,chūxí,Động từ,,,Attend,,FALSE,,
277,参与,cānyù,Động từ,,,participate,,FALSE,,
278,词汇,cíhuì,Danh từ,,,vocabulary,,FALSE,,
279,词汇量,cíhuìliàng,Danh từ,,,Vocabulary,,FALSE,,
280,刺激,cìjī,"Danh từ, Động từ",,,Stimulate,,FALSE,,
281,恐怖,kǒngbù,Tính từ,,,fear,,FALSE,,
282,恐怖电影,kǒngbù diànyǐng,Danh từ,,,Horror Movies,,FALSE,,
283,政策,zhèngcè,Danh từ,,,policy,,FALSE,,
284,增长,zēngzhǎng,"Danh từ, Động từ",,,increase,,FALSE,,
285,次要,cìyào,Tính từ,,,secondary,,FALSE,,
286,地位,dìwèi,Danh từ,,,status,,FALSE,,
287,位置,wèizhì,Danh từ,,,Location,,FALSE,,
288,任务,rènwu,Danh từ,,,Task,,FALSE,,
289,人物,rénwù,Danh từ,,,figure,,FALSE,,
290,面临,miànlín,Động từ,,,Facing,,FALSE,,
291,辞职,cízhí,Động từ,,,Resign,,FALSE,,
292,提出辞职,tíchū cízhí,Động từ,,,Submitting resignation,,FALSE,,
293,正式,zhèngshì,Tính từ,,,formal,,FALSE,,
294,特产,tèchǎn,Danh từ,,,specialty,,FALSE,,
295,机器,jīqì,Danh từ,,,machine,,FALSE,,
296,观念,guānniàn,Danh từ,,,Concept,,FALSE,,
297,控制,kòngzhì,Động từ,,,control,,FALSE,,
298,一整天,yī zhěngtiān,Danh từ,,,All day,,FALSE,,
299,争吵,zhēngchǎo,Động từ,,,quarrel,,FALSE,,
300,原谅,yuánliàng,Động từ,,,forgive,,FALSE,,
301,谅解,liàngjiě,Động từ,,,understanding,,FALSE,,
302,身份证,shēnfèn zhèng,Danh từ,,,ID card,,FALSE,,
303,人身保险,rénshēn bǎoxiǎn,Danh từ,,,Personal insurance,,FALSE,,
304,制造,zhìzào,Động từ,,,manufacture,,,,
305,制作,zhìzuò,Động từ,,,Production,,,,
306,灵活,línghuó,Tính từ,,,flexible,,,,
307,状态,zhuàngtài,Danh từ,,,state,,,,
308,吵闹,chǎonào,Tính từ,,,noisy,,,,
309,选手,xuǎnshǒu,Danh từ,,,contestants,,,,
310,建议,jiànyì,Động từ,,,suggestion,,,,
311,心态,xīntài,Danh từ,,,mindset,,,,
312,调节,tiáojié,Động từ,,,adjust,,,,
313,食物,shíwù,Danh từ,,,food,,,,
314,事物,shìwù,Danh từ,,,thing,,,,
315,失误,shīwù,Danh từ,,,mistake,,,,
316,调整,tiáozhěng,Động từ,,,Adjustment,,,,
317,参与,cānyù,Động từ,,,participate,,,,
318,争论,zhēnglùn,"Danh từ, Động từ",,,debate,,,,
319,出席,chūxí,Động từ,,,Attend,,,,
320,全体代表,quántǐ dàibiǎo,Danh từ,,,All delegates,,,,
321,大会,dàhuì,Danh từ,,,General Assembly,,,,
322,匆忙,cōngmáng,Tính từ,,,hurry,,,,
323,从前,cóngqián,Danh từ,,,Once upon a time,,,,
324,回想,huíxiǎng,Động từ,,,recall,,,,
325,从事,cóngshì,Động từ,,,Engaged in,,,,
326,醋,cù,Danh từ,,,vinegar,,,,
327,粗糙,cūcāo,Tính từ,,,rough,,,,
328,木头,mùtou,Danh từ,,,wood,,,,
329,催,cuī,Động từ,,,urge,,,,
330,存在,cúnzài,Động từ,,,exist,,,,
331,火星,huǒxīng,Danh từ,,,Mars,,,,
332,措施,cuòshī,Danh từ,,,measure,,,,
333,促使,cùshǐ,Động từ,,,prompt,,,,
334,前进,qiánjìn,Động từ,,,go ahead,,,,
335,动力,dònglì,Danh từ,,,power,,,,
336,发达国家,fādá guójiā,Danh từ,,,developed country,,,,
337,发展中国家,fāzhǎnzhōng guójiā,Danh từ,,,developing country,,,,
338,达到,dádào,Động từ,,,achieve,,,,
339,打交道,dǎjiāodào,Động từ,,,Dealing with,,,,
340,大方,dàfāng,Tính từ,,,Generous,,,,
341,大大方方,dàdàfāngfāng,Tính từ,,,Generous,,,,
342,举止,jǔzhǐ,Động từ,,,manner,,,,
343,小气鬼,xiǎoqìguǐ,Danh từ,,,stingy,,,,
344,小气,xiǎoqì,Tính từ,,,mean,,,,
345,打工,dǎgōng,Động từ ly hợp,,,work to earn a living,,,,
346,打工人,dǎgōngrén,Danh từ,,,working people,,,,
347,呆,dāi,"Động từ, Tính từ",,,stay,,,,
348,呆头呆脑,dāitóu dāinǎo,Tính từ,,,Dull-witted,,,,
349,吓呆,xiàdāi,Động từ,,,Terrified,,,,
350,贷款,dàikuǎn,"Động từ, Danh từ",,,loan,,,,
351,一笔贷款,yībǐ dàikuǎn,Danh từ,,,A loan,,,,
352,代表,dàibiǎo,"Danh từ, Động từ",,,represent,,,,
353,合法,héfǎ,Tính từ,,,legitimate,,,,
354,荣幸,róngxìng,Tính từ,,,pleasure,,,,
355,发言,fāyán,Động từ,,,Speech,,,,
356,代替,dàitì,Động từ,,,replace,,,,
357,无法代替,wúfǎ dàitì,Động từ,,,Irreplaceable,,,,
358,淡,dàn,Tính từ,,,light,,,,
359,单纯,dānchún,Tính từ,,,simple,,,,
360,思想,sīxiǎng,Danh từ,,,Thought,,,,
361,单调,dāndiào,Tính từ,,,monotonous,,,,
362,重复,chóngfù,Động từ,,,repeat,,,,
363,挡,dǎng,Động từ,,,block,,,,
364,挡住,dǎngzhù,Động từ,,,Block,,,,
365,当地,dàngdì,Danh từ,,,local,,,,
366,习俗,xísú,Danh từ,,,custom,,,,
367,尊重,zūnzhòng,Động từ,,,respect,,,,
368,遵守,zūnshǒu,Động từ,,,obey,,,,
369,当心,dāngxīn,Động từ,,,Be careful,,,,
370,担任,dānrèn,Động từ,,,Serve as,,,,
371,职务,zhíwù,Danh từ,,,Job,,,,
372,单位,dānwèi,Danh từ,,,unit,,,,
373,耽误,dānwu,Động từ,,,hold up,,,,
374,进度,jìndù,Danh từ,,,schedule,,,,
375,胆小鬼,dǎnxiǎoguǐ,Danh từ,,,coward,,,,
376,单元,dānyuán,Danh từ,,,unit,,,,
377,风格,fēnggé,Danh từ,,,style,,,,
378,建设,jiànshè,Động từ,,,Construction,,,,
379,成就,chéngjiù,"Danh từ, Động từ",,,Achievement,,,,
380,巨大,jùdà,Tính từ,,,huge,,,,
381,成果,chéngguǒ,Danh từ,,,Results,,,,
382,收获,shōuhuò,Động từ,,,Harvest,,,,
383,取得,qǔdé,Động từ,,,Obtain,,,,
384,导演,dǎoyǎn,"Danh từ, Động từ",,,director,,,,
385,倒霉,dǎoméi,Tính từ,,,Unlucky,,,,
386,道理,dàolǐ,Danh từ,,,reason,,,,
387,有道理,yǒudàolǐ,Tính từ,,,That makes sense.,,,,
388,道德,dàodé,Danh từ,,,Morality,,,,
389,到达,dàodá,Động từ,,,arrive,,,,
390,岛屿,dǎoyǔ,Danh từ,,一座岛屿,islands,,,,
391,热带,rèdài,Tính từ,,,tropical,,,,
392,海滩,hǎitān,Danh từ,,,beach,,,,
393,导致,dǎozhì,Động từ,,,lead to,,,,
394,疾病,jíbìng,Danh từ,,,disease,,,,
395,打喷嚏,dǎ pēntì,Động từ,,,sneeze,,,,
396,大厦,dàshà,Danh từ,,,building,,,,
397,大象,dàxiàng,Danh từ,,,elephant,,,,
398,群,qún,Lượng từ,,,group,,,,
399,草原,cǎoyuán,Danh từ,,,grassland,,,,
400,大型,dàxíng,Tính từ,,,Large,,,,
401,答应,dāyìng,Động từ,,,promise,,,,
402,等待,děngdài,Động từ,,,wait,,,,
403,登记,dēngjì,Động từ,,,Registration,,,,
404,前台,qiántái,Danh từ,,,front desk,,,,
405,等于,děngyú,Động từ,,,equal,,,,
406,提前,tíqián,Động từ,,,in advance,,,,
407,做好准备,zuòhǎo zhǔnbèi,Động từ,,,Be prepared,,,,
408,递,dì,Động từ,,,Delivery,,,,
409,一滴水,yī dī shuǐ,Danh từ,,,A drop of water,,,,
410,滴,dī,"Lượng từ, Động từ",,,drop,,,,
411,眼药水,yǎnyào shuǐ,Danh từ,,,eye drops,,,,
412,珍贵,zhēnguì,Động từ,,,precious,,,,
413,电池,diànchí,Danh từ,,一节电池,Battery,,,,
414,电台,diàntái,Danh từ,,,Radio station,,,,
415,点心,diǎnxīn,Danh từ,,,dessert,,,,
416,钓鱼,diàoyú,Động từ,,,fishing,,,,
417,地道,dìdào,Tính từ,,,typical,,,,
418,地理,dìlǐ,Danh từ,,,geography,,,,
419,地区,dìqū,Danh từ,,,area,,,,
420,的确,díquè,Phó từ,,,indeed,,,,
421,敌人,dírén,Danh từ,,,enemy,,,,
422,打败,dǎbài,Động từ,,,defeat,,,,
423,地毯,dìtǎn,Danh từ,,一张地毯,carpet,,,,
424,地位,dìwèi,Danh từ,,,status,,,,
425,平等,píngděng,Tính từ,,,equality,,,,
426,地震,dìzhèn,Danh từ,,,earthquake,,,,
427,强烈,qiángliè,Tính từ,,,strong,,,,
428,洞,dòng,Danh từ,,,Hole,,,,
429,山洞,shāndòng,Danh từ,,,cave,,,,
430,冻,dòng,Động từ,,,freeze,,,,
431,医学,yīxué,Danh từ,,,medicine,,,,
432,重大,zhòngdà,Tính từ,,,major,,,,
433,治疗,zhìliáo,Động từ,,,treat,,,,
434,持续,chíxù,Động từ,trì tục,"duy trì, kéo dài, tiếp tục, tiếp diễn",continued,,,,
435,可持续,kěchíxù,Tính từ,khả trì tục,"bền vững, duy trì lâu dài",Sustainable,,,,
436,连续,liánxù,Động từ,liên tục,"liên tục, liên tiếp",continuous,,,,
437,陆续,lùxù,Phó từ,lục tục,"lần lượt, lũ lượt, liên tiếp",one after another,,,,
438,动画片,dònghuàpiàn,Danh từ,động họa phiến,phim hoạt hình,cartoon,,,,
439,逗,dòu,"Động từ, Tính từ",đậu,"(v): đùa, chọc, giỡn, trêu; (adj): buồn cười, thú vị, hài hước",tease,,,,
440,豆腐,dòufu,Danh từ,đậu phụ,đậu phụ,Tofu,,,,
441,断,duàn,Động từ,đoạn,"cắt đứt, đứt, dứt, ngừng, ngắt",Broken,,,,
442,打断,dǎduàn,Động từ,đả đoạn,"cắt lời, ngắt lời",interrupt,,,,
443,度过,dùguò,Động từ,độ quá,"trải qua, vượt qua",Spend,,,,
444,对比,duìbǐ,"Động từ, Danh từ",đối tỷ,"(v): so sánh; (n): tỷ lệ, sự so sánh, đối chiếu",contrast,,,,
445,对待,duìdài,Động từ,đối đãi,"đối đãi, đối xử, cư xử",treat,,,,
446,对方,duìfāng,Danh từ,đối phương,"đối phương, người kia",other side,,,,
447,兑换,duìhuàn,Động từ,đoái hoán,"đổi, chuyển đổi, hối đoái (tiền tệ)",exchange,,,,
448,对手,duìshǒu,Danh từ,đối thủ,đối thủ,opponent,,,只有我们公司有这种技术，我们根本没有竞争对手。,
449,对象,duìxiàng,Danh từ,đối tượng,đối tượng,object,,,,
450,独立,dúlì,Động từ,độc lập,"độc lập, tự lập, tách ra, không phụ thuộc",independent,,,,
451,顿,dùn,Lượng từ,đốn,"bữa, bữa ăn; hồi, trận",Dun,,,,
452,蹲,dūn,Động từ,tồn,"ngồi xổm, ngồi chồm hổm （蹲下）",squat,,,,
453,吨,dūn,Lượng từ,đốn,tấn (1000kg),ton,,,,
454,朵,duǒ,Lượng từ,đoá,"đóa (hoa), đám mây",Duo,,,,
455,躲藏,duǒcáng,Động từ,đóa tàng,trốn; trốn tránh; ẩn núp; ẩn náu; lẩn quất; cất lén,hide,,,他多藏在门后，刚开始时我们没看到，后来才发现。,
456,多余,duōyú,Tính từ,đa dư,"dư, thừa, dư thừa",Redundant,,,,
457,独特,dútè,Tính từ,độc đặc,"độc đáo, đặc biệt, riêng biệt",unique,,,,
458,风格,fēnggé,Danh từ,phong cách,phong cách,style,,,,
459,恶劣,èliè,Tính từ,ác liệt,"khắc nghiệt, tồi tệ, xấu xa",bad,,,,
460,恶劣影响,èliè yǐngxiǎng,Động từ,ác liệt ảnh hưởng,"ảnh hưởng tồi tệ, ảnh hưởng xấu",adverse effects,,,,
461,环境恶劣,huánjìng èliè,Danh từ,hoàn cảnh ác liệt,môi trường khắc nghiệt,Harsh environment,,,,
462,性质恶劣,xìngzhì èliè,Danh từ,tính chất ác liệt,tính chất xấu xa,Hazardous,,,,
463,手段,shǒuduàn,Danh từ,thủ đoạn,thủ đoạn,means,,,,
464,耳环,ěrhuán,Danh từ,nhĩ hoàn,"khuyên tai, bông tai",earrings,,,,
465,发愁,fāchóu,"Động từ, Động từ ly hợp",phát sầu,"lo lắng, lo âu, buồn phiền, ưu tư, buồn rầu",worry,,,,
466,期末考试,qīmò kǎoshì,Danh từ,kì mạt khảo thí,"kì thi cuối kì, kiểm tra cuối kì",Final Exam,,,,
467,奖学金,jiǎngxuéjīn,Danh từ,tưởng học kim,học bổng,scholarship,,,,
468,发表,fābiǎo,Động từ,phát biểu,"phát biểu, tuyên bố, bày tỏ",Publish,,,关于这个问题，大家都陆续发表了自己的意见。,
469,发抖,fādǒu,Động từ,phát đẩu,"run, run rẩy, run lên",trembling,,,,
470,发挥,fāhuī,Động từ,phát huy,"phát huy, thể hiện",Play,,,吃药三十分钟之后才开始发挥作用。,
471,优势,yōushì,Danh từ,ưu thế,"ưu thế, lợi thế, thế mạnh, ưu điểm, điểm mạnh",Advantages,,,,
472,罚款,fákuǎn,"Danh từ, Động từ",phạt khoản,(n): tiền phạt; (v): phạt tiền,fine,,,酒后开车要被罚款。,
473,发明,fāmíng,"Danh từ, Động từ",phát minh,phát minh,invention,,,,
474,翻,fān,Động từ,phiên,"lật, lật đổ, lục lọi",turn,,,,
475,推翻,tuīfān,Động từ,thôi phiên,"lật đổ, đạp đổ, bác bỏ",overthrow,,,,
476,方,fāng,"Tính từ, Danh từ",phương,"(adj): vuông, (n): phe, phía, bên, vùng",square,,,,
477,方形,fāngxíng,Danh từ,phương hình,hình vuông,square,,,,
478,我方,wǒfāng,Danh từ,ngã phương,"phía chúng tôi, bên chúng tôi",Our side,,,,
479,妨碍,fáng'ài,Động từ,phương ngại,"cản trở, gây ảnh hưởng, gây trở ngại",Obstacles,,,,
480,改进,gǎijìn,Động từ,cải tiến,"cải tiến, nâng cấp",improve,,,,
481,胜利,shènglì,Động từ,thắng lợi,"thắng lợi, chiến thắng",victory,,,,
482,交接,jiāojiē,Động từ,giao tiếp,"nối nhau, giao nhau; bàn giao, giao nhận; kết giao, kết thân",handover,,,,
483,领导权,lǐngdǎoquán,Danh từ,lĩnh đạo quyền,"quyền hành lãnh đạo, quyền điều hành",Leadership,,,,
484,郑重,zhèngzhòng,Tính từ,trịnh trọng,"nghiêm túc, trịnh trọng",Solemn,,,,
485,流程,liúchéng,Danh từ,lưu trình,"quy trình, lưu trình; dòng chảy, dòng nước",process,,,,
486,原则,yuánzé,Danh từ,nguyên tắc,nguyên tắc,in principle,,,,
487,增大,zēngdà,Động từ,tăng đại,"tăng lên, làm to, khuếch đại",Increase,,,,
488,再三,zàisān,Phó từ,tái tam ,nhiều lần; liên tục; hết lần này đến lần khác,repeatedly,,,,
489,隧道,suìdào,Danh từ,toại đạo,đường hầm,tunnel,,,,
490,强调,qiángdiào,Động từ,cường điệu,"nhấn mạnh, cường điệu",emphasize,,,,
491,反复,fǎnfù,"Động từ, Phó từ",phản phục,"(động từ): thay đổi, lật lọng, nuốt lời; lặp lại, tái phát, tái diễn; (phó từ): liên tục, nhiều lần, lặp đi lặp lại, hết lần này đến lần khác",repeatedly,,,,
492,重复,chóngfù,Động từ,trùng phục,"lặp lại, trùng lặp, nhắc lại, bắt chước",repeat,,,,
493,删除,shānchú,Động từ,san trừ,"xóa, loại bỏ, vứt bỏ",delete,,,,
494,方案,fāng'àn,Danh từ,phương án,"kế hoạch, phương án",plan,,,,
495,采用,cǎiyòng,Động từ,thải dụng,áp dụng,use,,,,
496,开发,kāifā,Động từ,khai phát,mở rộng; khai phá; khai thác; phát triển,Development,,,,
497,仿佛,fǎngfú,Phó từ,phảng phất,"hình như, dường như, có vẻ",as if,,,,
498,繁荣,fánróng,Tính từ,phồn vinh,"phồn thịnh, phồn vinh, phát triển mạnh",Prosperity,,,,
499,繁荣富强,fánróng fùqiáng,Thành ngữ,phồn vinh phú cường,"phồn vinh thịnh vượng, giàu có lớn mạnh (nói về quốc gia)",Prosperity and strength,,,,
500,范围,fànwéi,Danh từ,phạm vi,phạm vi,scope,,,,
501,反正,fǎnzhèng,Phó từ,phản chính,"cho dù, dù sao thì, dù sao cũng, dù thế nào thì cũng (dùng để chỉ kết quả như nhau bất chấp các tình huống khác nhau)",Anyway,,,,
502,发票,fāpiào,Danh từ,phát phiếu,hóa đơn,bill,,,,
503,法院,fǎyuàn,Danh từ,pháp viện,tòa án,court,,,,
504,最高法院,zuìgāo fǎyuàn,Danh từ,tối cao pháp viện,tòa án tối cao,Supreme Court,,,,
505,案件,ànjiàn,Danh từ,án kiện,"vụ án, án kiện",case,,,,
506,法律效力,fǎlǜ xiàolì,Danh từ,pháp luật hiệu lực,hiệu lực pháp lý,Legal effect,,,,
507,废话,fèihuà,Danh từ,phế thoại,"lời thừa, lời nói nhảm",nonsense,,,,
508,肥皂,féizào,Danh từ,phì tạo,"xà phòng, xà bông (lượng từ:  块 kuài)",Soap,,,,
509,手工,shǒugōng,Danh từ,thủ công,"thủ công, làm bằng tay",manual,,,,
510,分布,fēnbù,Động từ,phân bố,phân bố,distributed,,,,
511,均匀,jūnyún,Tính từ,quân quân,"đồng đều, đều đều",uniform,,,,
512,奋斗,fèndòu,Động từ,phấn đấu,"phấn đấu, nỗ lực",struggle,,,,
513,实现,shíxiàn,Động từ,thực hiện,thực hiện,accomplish,,,,
514,讽刺,fěngcì,Động từ,phúng thứ,"châm biếm, mỉa mai, trào phúng",Satire,,,,
515,建筑,jiànzhù,Danh từ,kiến trúc,kiến trúc,architecture,,,,
516,结合,jiéhé,Động từ,kết hợp,kết hợp,Combination,,,,
517,元素,yuánsù,Danh từ,nguyên tố,(hóa học): nguyên tố; yếu tố,element,,,,
518,拍摄,pāishè,Động từ,phách nhiếp,"chụp hình, chụp ảnh",Shooting,,,,
519,疯狂,fēngkuáng,Tính từ,phong cuồng,"điên khùng, điên khùng, phát điên",crazy,,,,
520,风俗,fēngsú,Danh từ,phong tục,"phong tục, tục lệ",custom,,,,
521,风险,fēngxiǎn,Danh từ,phong hiểm,"sự mạo hiểm, sự nguy hiểm, rủi ro, nguy cơ",risk,,,,
522,分配,fēnpèi,Động từ,phân phối,"phân chia, phân phát; phân bổ, bố trí, phân công",distribute,,,,
523,分析,fēnxī,Động từ,phân tích,phân tích,analyze,,,,
524,趋势,qūshì,Danh từ,xu thế,"xu thế, xu hướng, khuynh hướng",trend,,,,
525,数据分析,shùjù fēnxī,Danh từ,số cứ phân tích,phân tích dữ liệu,Data Analysis,,,,
526,幅,fú,Lượng từ,phúc,"tấm, bức, miếng (chỉ tranh vẽ, vải vóc)",frame,,,,
527,扶,fú,Động từ,phù,"đỡ, nâng, vịn",,,,,
528,辅导,fǔdǎo,Động từ,phụ đạo,"phụ đạo, hướng dẫn",,,,,
529,妇女,fùnǚ,Danh từ,phụ nữ,"phụ nữ, đàn bà",,,,,
530,复制,fùzhì,Động từ,phục chế,"copy, sao chép",,,,,
531,服装,fúzhuāng,Danh từ,phục trang,trang phục,,,,,
532,盖,gài,Động từ,cái,"đậy, đắp, xây (nhà); đóng dấu",,,,,
533,概括,gàikuò,"Động từ, Tính từ",khái quát,"(v): khái quát, tóm tắt; (adj): ngắn gọn, đơn giản",,,,,
534,规律,guīlǜ,Danh từ,quy luật,quy luật,,,,,
535, 概念,gàiniàn,Danh từ,khái niệm,khái niệm,,,,,
536,干活儿,gànhuór,Động từ,cán hoạt nhi,"làm việc, lao động",,,,,
537,台风,táifēng,Động từ,xúc tiến,"xúc tiến, đẩy mạnh, thúc đẩy phát triển",,,,,
538,促进,cùjìn,Động từ,xúc tiến,"xúc tiến, đẩy mạnh, thúc đẩy phát triển",,,,,
